"treat","fisher","chi"
"Water/medium A",2.22824503019799e-18,2.07595791112167e-16
"Soil/medium A",9.03003591245224e-42,5.96555203169637e-38
"Water/medium B",1.51391023834216e-96,3.02902530327497e-81
"Soil/medium B",5.61491589273565e-82,2.6464999525476e-64
