"treat","fisher","chi"
"Water/medium A",4.7001876509316e-65,1.21776442305549e-56
"Soil/medium A",2.3940509933459e-59,1.04349687677274e-52
"Water/medium B",5.56965788607846e-75,1.19691891661205e-62
"Soil/medium B",1.25730759089074e-76,2.9931992308433e-59
