"treat","fisher","chi"
"Water/medium A",3.71795990280443e-62,9.08576077071146e-53
"Soil/medium A",4.87445340101257e-60,1.03724813938543e-53
"Water/medium B",1.89969775912724e-49,2.51721865833586e-42
"Soil/medium B",2.86626373045217e-142,8.43625996230994e-113
